nid,motivo_original,categoria_llm,candidato_credito,razon_llm
5068063289,,Sin motivo cargado,False,El recepcionista no registró motivo para este lead.
7495878215,,Sin motivo cargado,False,El recepcionista no registró motivo para este lead.
8616533688,,Sin motivo cargado,False,El recepcionista no registró motivo para este lead.
12558176356,,Sin motivo cargado,False,El recepcionista no registró motivo para este lead.
13602322029,,Sin motivo cargado,False,El recepcionista no registró motivo para este lead.
13707476095,,Sin motivo cargado,False,El recepcionista no registró motivo para este lead.
16165864793,,Sin motivo cargado,False,El recepcionista no registró motivo para este lead.
16430218675,,Sin motivo cargado,False,El recepcionista no registró motivo para este lead.
16878498445,,Sin motivo cargado,False,El recepcionista no registró motivo para este lead.
17341106235,,Sin motivo cargado,False,El recepcionista no registró motivo para este lead.
17652356537,,Sin motivo cargado,False,El recepcionista no registró motivo para este lead.
18114642555,,Sin motivo cargado,False,El recepcionista no registró motivo para este lead.
18610633106,,Sin motivo cargado,False,El recepcionista no registró motivo para este lead.
20106301090,,Sin motivo cargado,False,El recepcionista no registró motivo para este lead.
21210909105,,Sin motivo cargado,False,El recepcionista no registró motivo para este lead.
22944713223,,Sin motivo cargado,False,El recepcionista no registró motivo para este lead.
23300829500,,Sin motivo cargado,False,El recepcionista no registró motivo para este lead.
29009110646,,Sin motivo cargado,False,El recepcionista no registró motivo para este lead.
29037454132,,Sin motivo cargado,False,El recepcionista no registró motivo para este lead.
29598888077,,Sin motivo cargado,False,El recepcionista no registró motivo para este lead.
29724649770,,Sin motivo cargado,False,El recepcionista no registró motivo para este lead.
32018768293,,Sin motivo cargado,False,El recepcionista no registró motivo para este lead.
32032595211,,Sin motivo cargado,False,El recepcionista no registró motivo para este lead.
32241636769,,Sin motivo cargado,False,El recepcionista no registró motivo para este lead.
32655563565,,Sin motivo cargado,False,El recepcionista no registró motivo para este lead.
33450350007,,Sin motivo cargado,False,El recepcionista no registró motivo para este lead.
33630811945,,Sin motivo cargado,False,El recepcionista no registró motivo para este lead.
33901098654,,Sin motivo cargado,False,El recepcionista no registró motivo para este lead.
34103730854,,Sin motivo cargado,False,El recepcionista no registró motivo para este lead.
34142871348,,Sin motivo cargado,False,El recepcionista no registró motivo para este lead.
34485083049,,Sin motivo cargado,False,El recepcionista no registró motivo para este lead.
34608800026,,Sin motivo cargado,False,El recepcionista no registró motivo para este lead.
34727010320,,Sin motivo cargado,False,El recepcionista no registró motivo para este lead.
34915484293,,Sin motivo cargado,False,El recepcionista no registró motivo para este lead.
35771071537,,Sin motivo cargado,False,El recepcionista no registró motivo para este lead.
36294872503,,Sin motivo cargado,False,El recepcionista no registró motivo para este lead.
36649172016,,Sin motivo cargado,False,El recepcionista no registró motivo para este lead.
36766800001,,Sin motivo cargado,False,El recepcionista no registró motivo para este lead.
37528939181,,Sin motivo cargado,False,El recepcionista no registró motivo para este lead.
37995147392,,Sin motivo cargado,False,El recepcionista no registró motivo para este lead.
38258491158,,Sin motivo cargado,False,El recepcionista no registró motivo para este lead.
38314612526,,Sin motivo cargado,False,El recepcionista no registró motivo para este lead.
38612439111,,Sin motivo cargado,False,El recepcionista no registró motivo para este lead.
39019748632,,Sin motivo cargado,False,El recepcionista no registró motivo para este lead.
39501458451,,Sin motivo cargado,False,El recepcionista no registró motivo para este lead.
39609820694,,Sin motivo cargado,False,El recepcionista no registró motivo para este lead.
39693542443,,Sin motivo cargado,False,El recepcionista no registró motivo para este lead.
39708643716,,Sin motivo cargado,False,El recepcionista no registró motivo para este lead.
39765575811,,Sin motivo cargado,False,El recepcionista no registró motivo para este lead.
41361608982,,Sin motivo cargado,False,El recepcionista no registró motivo para este lead.
42900616448,,Sin motivo cargado,False,El recepcionista no registró motivo para este lead.
43385380615,,Sin motivo cargado,False,El recepcionista no registró motivo para este lead.
43631522817,,Sin motivo cargado,False,El recepcionista no registró motivo para este lead.
44780461890,,Sin motivo cargado,False,El recepcionista no registró motivo para este lead.
44870825067,,Sin motivo cargado,False,El recepcionista no registró motivo para este lead.
44930136954,,Sin motivo cargado,False,El recepcionista no registró motivo para este lead.
45038465646,,Sin motivo cargado,False,El recepcionista no registró motivo para este lead.
45281505548,,Sin motivo cargado,False,El recepcionista no registró motivo para este lead.
45421608032,,Sin motivo cargado,False,El recepcionista no registró motivo para este lead.
46631019101,,Sin motivo cargado,False,El recepcionista no registró motivo para este lead.
46661322916,,Sin motivo cargado,False,El recepcionista no registró motivo para este lead.
47271666524,,Sin motivo cargado,False,El recepcionista no registró motivo para este lead.
48136402504,,Sin motivo cargado,False,El recepcionista no registró motivo para este lead.
48474639903,,Sin motivo cargado,False,El recepcionista no registró motivo para este lead.
48487237018,,Sin motivo cargado,False,El recepcionista no registró motivo para este lead.
48509022722,,Sin motivo cargado,False,El recepcionista no registró motivo para este lead.
48552349711,,Sin motivo cargado,False,El recepcionista no registró motivo para este lead.
48735411212,,Sin motivo cargado,False,El recepcionista no registró motivo para este lead.
48779011512,,Sin motivo cargado,False,El recepcionista no registró motivo para este lead.
48954164914,,Sin motivo cargado,False,El recepcionista no registró motivo para este lead.
49084751450,,Sin motivo cargado,False,El recepcionista no registró motivo para este lead.
49533087018,,Sin motivo cargado,False,El recepcionista no registró motivo para este lead.
50314460820,,Sin motivo cargado,False,El recepcionista no registró motivo para este lead.
50617038943,,Sin motivo cargado,False,El recepcionista no registró motivo para este lead.
50779973543,,Sin motivo cargado,False,El recepcionista no registró motivo para este lead.
50880639381,,Sin motivo cargado,False,El recepcionista no registró motivo para este lead.
51089323884,,Sin motivo cargado,False,El recepcionista no registró motivo para este lead.
51116981036,,Sin motivo cargado,False,El recepcionista no registró motivo para este lead.
51302217791,,Sin motivo cargado,False,El recepcionista no registró motivo para este lead.
51507337832,,Sin motivo cargado,False,El recepcionista no registró motivo para este lead.
51516436138,,Sin motivo cargado,False,El recepcionista no registró motivo para este lead.
51642333739,,Sin motivo cargado,False,El recepcionista no registró motivo para este lead.
51698467903,,Sin motivo cargado,False,El recepcionista no registró motivo para este lead.
51828835679,,Sin motivo cargado,False,El recepcionista no registró motivo para este lead.
51887653489,,Sin motivo cargado,False,El recepcionista no registró motivo para este lead.
51945974665,,Sin motivo cargado,False,El recepcionista no registró motivo para este lead.
52005700419,,Sin motivo cargado,False,El recepcionista no registró motivo para este lead.
52029428776,,Sin motivo cargado,False,El recepcionista no registró motivo para este lead.
52061014652,,Sin motivo cargado,False,El recepcionista no registró motivo para este lead.
52062631976,,Sin motivo cargado,False,El recepcionista no registró motivo para este lead.
52268581794,,Sin motivo cargado,False,El recepcionista no registró motivo para este lead.
52387335495,,Sin motivo cargado,False,El recepcionista no registró motivo para este lead.
52834831432,,Sin motivo cargado,False,El recepcionista no registró motivo para este lead.
52842884131,,Sin motivo cargado,False,El recepcionista no registró motivo para este lead.
53091208860,,Sin motivo cargado,False,El recepcionista no registró motivo para este lead.
53118151183,,Sin motivo cargado,False,El recepcionista no registró motivo para este lead.
53181019057,,Sin motivo cargado,False,El recepcionista no registró motivo para este lead.
53266009959,,Sin motivo cargado,False,El recepcionista no registró motivo para este lead.
53267946934,,Sin motivo cargado,False,El recepcionista no registró motivo para este lead.
53341461148,,Sin motivo cargado,False,El recepcionista no registró motivo para este lead.
53380711319,,Sin motivo cargado,False,El recepcionista no registró motivo para este lead.
53405491254,,Sin motivo cargado,False,El recepcionista no registró motivo para este lead.
53564493918,,Sin motivo cargado,False,El recepcionista no registró motivo para este lead.
53568018831,,Sin motivo cargado,False,El recepcionista no registró motivo para este lead.
53762834840,,Sin motivo cargado,False,El recepcionista no registró motivo para este lead.
53855430725,,Sin motivo cargado,False,El recepcionista no registró motivo para este lead.
53867174783,,Sin motivo cargado,False,El recepcionista no registró motivo para este lead.
54086924977,,Sin motivo cargado,False,El recepcionista no registró motivo para este lead.
54109062467,,Sin motivo cargado,False,El recepcionista no registró motivo para este lead.
54116235686,,Sin motivo cargado,False,El recepcionista no registró motivo para este lead.
54116387718,,Sin motivo cargado,False,El recepcionista no registró motivo para este lead.
54148187229,,Sin motivo cargado,False,El recepcionista no registró motivo para este lead.
54267450180,,Sin motivo cargado,False,El recepcionista no registró motivo para este lead.
54311589470,,Sin motivo cargado,False,El recepcionista no registró motivo para este lead.
54327021988,,Sin motivo cargado,False,El recepcionista no registró motivo para este lead.
54363201674,,Sin motivo cargado,False,El recepcionista no registró motivo para este lead.
54414837012,,Sin motivo cargado,False,El recepcionista no registró motivo para este lead.
54419781655,,Sin motivo cargado,False,El recepcionista no registró motivo para este lead.
54423239470,,Sin motivo cargado,False,El recepcionista no registró motivo para este lead.
54426435406,,Sin motivo cargado,False,El recepcionista no registró motivo para este lead.
54426453805,,Sin motivo cargado,False,El recepcionista no registró motivo para este lead.
54435935394,,Sin motivo cargado,False,El recepcionista no registró motivo para este lead.
54440583290,,Sin motivo cargado,False,El recepcionista no registró motivo para este lead.
54460421018,,Sin motivo cargado,False,El recepcionista no registró motivo para este lead.
54502510611,,Sin motivo cargado,False,El recepcionista no registró motivo para este lead.
54604989366,,Sin motivo cargado,False,El recepcionista no registró motivo para este lead.
54620289809,,Sin motivo cargado,False,El recepcionista no registró motivo para este lead.
54621216848,,Sin motivo cargado,False,El recepcionista no registró motivo para este lead.
54696450427,,Sin motivo cargado,False,El recepcionista no registró motivo para este lead.
54770831198,,Sin motivo cargado,False,El recepcionista no registró motivo para este lead.
55044936960,,Sin motivo cargado,False,El recepcionista no registró motivo para este lead.
55076663885,,Sin motivo cargado,False,El recepcionista no registró motivo para este lead.
55201100036,,Sin motivo cargado,False,El recepcionista no registró motivo para este lead.
55207742473,,Sin motivo cargado,False,El recepcionista no registró motivo para este lead.
55214028054,,Sin motivo cargado,False,El recepcionista no registró motivo para este lead.
55215640185,,Sin motivo cargado,False,El recepcionista no registró motivo para este lead.
55297500939,,Sin motivo cargado,False,El recepcionista no registró motivo para este lead.
55305994895,,Sin motivo cargado,False,El recepcionista no registró motivo para este lead.
55371768576,,Sin motivo cargado,False,El recepcionista no registró motivo para este lead.
55462252121,,Sin motivo cargado,False,El recepcionista no registró motivo para este lead.
55473940664,,Sin motivo cargado,False,El recepcionista no registró motivo para este lead.
55481599267,,Sin motivo cargado,False,El recepcionista no registró motivo para este lead.
55506907425,,Sin motivo cargado,False,El recepcionista no registró motivo para este lead.
55519053486,,Sin motivo cargado,False,El recepcionista no registró motivo para este lead.
55563231866,,Sin motivo cargado,False,El recepcionista no registró motivo para este lead.
55577119513,,Sin motivo cargado,False,El recepcionista no registró motivo para este lead.
55624635276,,Sin motivo cargado,False,El recepcionista no registró motivo para este lead.
55624742526,,Sin motivo cargado,False,El recepcionista no registró motivo para este lead.
55645674516,,Sin motivo cargado,False,El recepcionista no registró motivo para este lead.
55677133083,,Sin motivo cargado,False,El recepcionista no registró motivo para este lead.
55680069380,,Sin motivo cargado,False,El recepcionista no registró motivo para este lead.
55684270945,,Sin motivo cargado,False,El recepcionista no registró motivo para este lead.
55693710148,,Sin motivo cargado,False,El recepcionista no registró motivo para este lead.
55696016755,,Sin motivo cargado,False,El recepcionista no registró motivo para este lead.
55702732692,,Sin motivo cargado,False,El recepcionista no registró motivo para este lead.
55714585127,,Sin motivo cargado,False,El recepcionista no registró motivo para este lead.
55724343208,,Sin motivo cargado,False,El recepcionista no registró motivo para este lead.
55730218404,,Sin motivo cargado,False,El recepcionista no registró motivo para este lead.
55733704870,,Sin motivo cargado,False,El recepcionista no registró motivo para este lead.
55845477642,,Sin motivo cargado,False,El recepcionista no registró motivo para este lead.
55931762823,,Sin motivo cargado,False,El recepcionista no registró motivo para este lead.
55936919724,,Sin motivo cargado,False,El recepcionista no registró motivo para este lead.
55939565750,,Sin motivo cargado,False,El recepcionista no registró motivo para este lead.
55946679217,,Sin motivo cargado,False,El recepcionista no registró motivo para este lead.
56015482801,,Sin motivo cargado,False,El recepcionista no registró motivo para este lead.
56028061804,,Sin motivo cargado,False,El recepcionista no registró motivo para este lead.
56039579688,,Sin motivo cargado,False,El recepcionista no registró motivo para este lead.
56042502178,,Sin motivo cargado,False,El recepcionista no registró motivo para este lead.
56120510224,,Sin motivo cargado,False,El recepcionista no registró motivo para este lead.
56128590950,,Sin motivo cargado,False,El recepcionista no registró motivo para este lead.
56134493364,,Sin motivo cargado,False,El recepcionista no registró motivo para este lead.
56172465766,,Sin motivo cargado,False,El recepcionista no registró motivo para este lead.
56186096532,,Sin motivo cargado,False,El recepcionista no registró motivo para este lead.
56200525860,,Sin motivo cargado,False,El recepcionista no registró motivo para este lead.
56206861628,,Sin motivo cargado,False,El recepcionista no registró motivo para este lead.
56250683676,,Sin motivo cargado,False,El recepcionista no registró motivo para este lead.
56273923957,,Sin motivo cargado,False,El recepcionista no registró motivo para este lead.
56279226113,,Sin motivo cargado,False,El recepcionista no registró motivo para este lead.
56281384628,,Sin motivo cargado,False,El recepcionista no registró motivo para este lead.
56291778888,,Sin motivo cargado,False,El recepcionista no registró motivo para este lead.
56294769193,,Sin motivo cargado,False,El recepcionista no registró motivo para este lead.
56341564295,,Sin motivo cargado,False,El recepcionista no registró motivo para este lead.
56344428967,,Sin motivo cargado,False,El recepcionista no registró motivo para este lead.
56422777898,,Sin motivo cargado,False,El recepcionista no registró motivo para este lead.
56432994392,,Sin motivo cargado,False,El recepcionista no registró motivo para este lead.
56476069284,,Sin motivo cargado,False,El recepcionista no registró motivo para este lead.
56497311751,,Sin motivo cargado,False,El recepcionista no registró motivo para este lead.
56499541078,,Sin motivo cargado,False,El recepcionista no registró motivo para este lead.
56532353633,,Sin motivo cargado,False,El recepcionista no registró motivo para este lead.
56555490973,,Sin motivo cargado,False,El recepcionista no registró motivo para este lead.
56560681218,,Sin motivo cargado,False,El recepcionista no registró motivo para este lead.
56594981801,,Sin motivo cargado,False,El recepcionista no registró motivo para este lead.
56601763380,,Sin motivo cargado,False,El recepcionista no registró motivo para este lead.
56647583389,,Sin motivo cargado,False,El recepcionista no registró motivo para este lead.
56710234253,,Sin motivo cargado,False,El recepcionista no registró motivo para este lead.
56734623101,,Sin motivo cargado,False,El recepcionista no registró motivo para este lead.
56771009153,,Sin motivo cargado,False,El recepcionista no registró motivo para este lead.
56780379817,,Sin motivo cargado,False,El recepcionista no registró motivo para este lead.
56791047540,,Sin motivo cargado,False,El recepcionista no registró motivo para este lead.
56844525619,,Sin motivo cargado,False,El recepcionista no registró motivo para este lead.
56844605995,,Sin motivo cargado,False,El recepcionista no registró motivo para este lead.
56895215177,,Sin motivo cargado,False,El recepcionista no registró motivo para este lead.
56924562598,,Sin motivo cargado,False,El recepcionista no registró motivo para este lead.
56939402382,,Sin motivo cargado,False,El recepcionista no registró motivo para este lead.
56945267094,,Sin motivo cargado,False,El recepcionista no registró motivo para este lead.
56948217187,,Sin motivo cargado,False,El recepcionista no registró motivo para este lead.
56984214274,,Sin motivo cargado,False,El recepcionista no registró motivo para este lead.
57043743647,,Sin motivo cargado,False,El recepcionista no registró motivo para este lead.
57053734436,,Sin motivo cargado,False,El recepcionista no registró motivo para este lead.
57127930951,,Sin motivo cargado,False,El recepcionista no registró motivo para este lead.
57137635964,,Sin motivo cargado,False,El recepcionista no registró motivo para este lead.
57162758923,,Sin motivo cargado,False,El recepcionista no registró motivo para este lead.
57166490941,,Sin motivo cargado,False,El recepcionista no registró motivo para este lead.
57168354562,,Sin motivo cargado,False,El recepcionista no registró motivo para este lead.
57200212540,,Sin motivo cargado,False,El recepcionista no registró motivo para este lead.
57216644003,,Sin motivo cargado,False,El recepcionista no registró motivo para este lead.
57247749033,,Sin motivo cargado,False,El recepcionista no registró motivo para este lead.
57257946908,,Sin motivo cargado,False,El recepcionista no registró motivo para este lead.
57265771287,,Sin motivo cargado,False,El recepcionista no registró motivo para este lead.
57291152482,,Sin motivo cargado,False,El recepcionista no registró motivo para este lead.
57307058326,,Sin motivo cargado,False,El recepcionista no registró motivo para este lead.
57307423885,,Sin motivo cargado,False,El recepcionista no registró motivo para este lead.
57313187356,,Sin motivo cargado,False,El recepcionista no registró motivo para este lead.
57345433929,,Sin motivo cargado,False,El recepcionista no registró motivo para este lead.
57372734636,,Sin motivo cargado,False,El recepcionista no registró motivo para este lead.
57388916342,,Sin motivo cargado,False,El recepcionista no registró motivo para este lead.
57485514861,,Sin motivo cargado,False,El recepcionista no registró motivo para este lead.
57488325125,,Sin motivo cargado,False,El recepcionista no registró motivo para este lead.
57493988418,,Sin motivo cargado,False,El recepcionista no registró motivo para este lead.
57527841640,,Sin motivo cargado,False,El recepcionista no registró motivo para este lead.
57531915187,,Sin motivo cargado,False,El recepcionista no registró motivo para este lead.
57590015499,,Sin motivo cargado,False,El recepcionista no registró motivo para este lead.
57597344902,,Sin motivo cargado,False,El recepcionista no registró motivo para este lead.
57714495412,,Sin motivo cargado,False,El recepcionista no registró motivo para este lead.
57722749603,,Sin motivo cargado,False,El recepcionista no registró motivo para este lead.
57780173071,,Sin motivo cargado,False,El recepcionista no registró motivo para este lead.
57790600717,,Sin motivo cargado,False,El recepcionista no registró motivo para este lead.
57816651904,,Sin motivo cargado,False,El recepcionista no registró motivo para este lead.
57816811564,,Sin motivo cargado,False,El recepcionista no registró motivo para este lead.
57832233552,,Sin motivo cargado,False,El recepcionista no registró motivo para este lead.
57832625813,,Sin motivo cargado,False,El recepcionista no registró motivo para este lead.
57835243857,,Sin motivo cargado,False,El recepcionista no registró motivo para este lead.
57840828600,,Sin motivo cargado,False,El recepcionista no registró motivo para este lead.
57863591311,,Sin motivo cargado,False,El recepcionista no registró motivo para este lead.
57882548650,,Sin motivo cargado,False,El recepcionista no registró motivo para este lead.
57900438127,,Sin motivo cargado,False,El recepcionista no registró motivo para este lead.
57904668525,,Sin motivo cargado,False,El recepcionista no registró motivo para este lead.
57908521476,,Sin motivo cargado,False,El recepcionista no registró motivo para este lead.
57912517546,,Sin motivo cargado,False,El recepcionista no registró motivo para este lead.
57941662238,,Sin motivo cargado,False,El recepcionista no registró motivo para este lead.
57945160533,,Sin motivo cargado,False,El recepcionista no registró motivo para este lead.
57946214489,,Sin motivo cargado,False,El recepcionista no registró motivo para este lead.
57948246624,,Sin motivo cargado,False,El recepcionista no registró motivo para este lead.
57955893511,,Sin motivo cargado,False,El recepcionista no registró motivo para este lead.
57958967184,,Sin motivo cargado,False,El recepcionista no registró motivo para este lead.
57962573327,,Sin motivo cargado,False,El recepcionista no registró motivo para este lead.
57971121169,,Sin motivo cargado,False,El recepcionista no registró motivo para este lead.
57981509274,,Sin motivo cargado,False,El recepcionista no registró motivo para este lead.
57985074566,,Sin motivo cargado,False,El recepcionista no registró motivo para este lead.
58002296363,,Sin motivo cargado,False,El recepcionista no registró motivo para este lead.
58004710065,,Sin motivo cargado,False,El recepcionista no registró motivo para este lead.
58008167301,,Sin motivo cargado,False,El recepcionista no registró motivo para este lead.
58011872159,,Sin motivo cargado,False,El recepcionista no registró motivo para este lead.
58011894416,,Sin motivo cargado,False,El recepcionista no registró motivo para este lead.
58014587166,,Sin motivo cargado,False,El recepcionista no registró motivo para este lead.
58015165299,,Sin motivo cargado,False,El recepcionista no registró motivo para este lead.
58034942118,,Sin motivo cargado,False,El recepcionista no registró motivo para este lead.
58051474479,,Sin motivo cargado,False,El recepcionista no registró motivo para este lead.
58058151198,,Sin motivo cargado,False,El recepcionista no registró motivo para este lead.
58145440342,,Sin motivo cargado,False,El recepcionista no registró motivo para este lead.
58147470224,,Sin motivo cargado,False,El recepcionista no registró motivo para este lead.
58153569133,,Sin motivo cargado,False,El recepcionista no registró motivo para este lead.
58167177325,,Sin motivo cargado,False,El recepcionista no registró motivo para este lead.
58176651931,,Sin motivo cargado,False,El recepcionista no registró motivo para este lead.
58181865611,,Sin motivo cargado,False,El recepcionista no registró motivo para este lead.
58181883021,,Sin motivo cargado,False,El recepcionista no registró motivo para este lead.
58196950967,,Sin motivo cargado,False,El recepcionista no registró motivo para este lead.
58211313733,,Sin motivo cargado,False,El recepcionista no registró motivo para este lead.
58221873942,,Sin motivo cargado,False,El recepcionista no registró motivo para este lead.
58232075315,,Sin motivo cargado,False,El recepcionista no registró motivo para este lead.
58234286406,,Sin motivo cargado,False,El recepcionista no registró motivo para este lead.
58240332360,,Sin motivo cargado,False,El recepcionista no registró motivo para este lead.
58247230023,,Sin motivo cargado,False,El recepcionista no registró motivo para este lead.
58249056885,,Sin motivo cargado,False,El recepcionista no registró motivo para este lead.
58255215872,,Sin motivo cargado,False,El recepcionista no registró motivo para este lead.
58276960908,,Sin motivo cargado,False,El recepcionista no registró motivo para este lead.
58301488398,,Sin motivo cargado,False,El recepcionista no registró motivo para este lead.
58316409714,,Sin motivo cargado,False,El recepcionista no registró motivo para este lead.
58322414363,,Sin motivo cargado,False,El recepcionista no registró motivo para este lead.
58322892414,,Sin motivo cargado,False,El recepcionista no registró motivo para este lead.
58324289329,,Sin motivo cargado,False,El recepcionista no registró motivo para este lead.
58325375772,,Sin motivo cargado,False,El recepcionista no registró motivo para este lead.
58332720471,,Sin motivo cargado,False,El recepcionista no registró motivo para este lead.
58333142834,,Sin motivo cargado,False,El recepcionista no registró motivo para este lead.
58338581895,,Sin motivo cargado,False,El recepcionista no registró motivo para este lead.
58353021849,,Sin motivo cargado,False,El recepcionista no registró motivo para este lead.
58363249697,,Sin motivo cargado,False,El recepcionista no registró motivo para este lead.
58367193623,,Sin motivo cargado,False,El recepcionista no registró motivo para este lead.
58367512456,,Sin motivo cargado,False,El recepcionista no registró motivo para este lead.
58368042559,,Sin motivo cargado,False,El recepcionista no registró motivo para este lead.
58374396484,,Sin motivo cargado,False,El recepcionista no registró motivo para este lead.
58387072800,,Sin motivo cargado,False,El recepcionista no registró motivo para este lead.
58416602939,,Sin motivo cargado,False,El recepcionista no registró motivo para este lead.
58421991765,,Sin motivo cargado,False,El recepcionista no registró motivo para este lead.
58430077445,,Sin motivo cargado,False,El recepcionista no registró motivo para este lead.
58440598040,,Sin motivo cargado,False,El recepcionista no registró motivo para este lead.
58511882774,,Sin motivo cargado,False,El recepcionista no registró motivo para este lead.
58519971229,,Sin motivo cargado,False,El recepcionista no registró motivo para este lead.
58527772447,,Sin motivo cargado,False,El recepcionista no registró motivo para este lead.
58529626626,,Sin motivo cargado,False,El recepcionista no registró motivo para este lead.
58530034298,,Sin motivo cargado,False,El recepcionista no registró motivo para este lead.
58541815140,,Sin motivo cargado,False,El recepcionista no registró motivo para este lead.
58541975179,,Sin motivo cargado,False,El recepcionista no registró motivo para este lead.
58553551174,,Sin motivo cargado,False,El recepcionista no registró motivo para este lead.
58559188288,,Sin motivo cargado,False,El recepcionista no registró motivo para este lead.
58569417255,,Sin motivo cargado,False,El recepcionista no registró motivo para este lead.
58571756137,,Sin motivo cargado,False,El recepcionista no registró motivo para este lead.
58579061320,,Sin motivo cargado,False,El recepcionista no registró motivo para este lead.
58581688716,,Sin motivo cargado,False,El recepcionista no registró motivo para este lead.
58609997149,,Sin motivo cargado,False,El recepcionista no registró motivo para este lead.
58611295155,,Sin motivo cargado,False,El recepcionista no registró motivo para este lead.
58632957194,,Sin motivo cargado,False,El recepcionista no registró motivo para este lead.
58637503804,,Sin motivo cargado,False,El recepcionista no registró motivo para este lead.
58640275012,,Sin motivo cargado,False,El recepcionista no registró motivo para este lead.
58646390815,,Sin motivo cargado,False,El recepcionista no registró motivo para este lead.
58648548609,,Sin motivo cargado,False,El recepcionista no registró motivo para este lead.
58651513646,,Sin motivo cargado,False,El recepcionista no registró motivo para este lead.
58668934711,,Sin motivo cargado,False,El recepcionista no registró motivo para este lead.
58671687995,,Sin motivo cargado,False,El recepcionista no registró motivo para este lead.
58703582006,,Sin motivo cargado,False,El recepcionista no registró motivo para este lead.
58709286007,,Sin motivo cargado,False,El recepcionista no registró motivo para este lead.
58713030719,,Sin motivo cargado,False,El recepcionista no registró motivo para este lead.
58715500421,,Sin motivo cargado,False,El recepcionista no registró motivo para este lead.
58724908679,,Sin motivo cargado,False,El recepcionista no registró motivo para este lead.
58801163555,,Sin motivo cargado,False,El recepcionista no registró motivo para este lead.
58826900748,,Sin motivo cargado,False,El recepcionista no registró motivo para este lead.
58827254889,,Sin motivo cargado,False,El recepcionista no registró motivo para este lead.
58834299157,,Sin motivo cargado,False,El recepcionista no registró motivo para este lead.
58835183442,,Sin motivo cargado,False,El recepcionista no registró motivo para este lead.
58837062564,,Sin motivo cargado,False,El recepcionista no registró motivo para este lead.
58837145897,,Sin motivo cargado,False,El recepcionista no registró motivo para este lead.
58844249427,,Sin motivo cargado,False,El recepcionista no registró motivo para este lead.
58856104018,,Sin motivo cargado,False,El recepcionista no registró motivo para este lead.
58866586782,,Sin motivo cargado,False,El recepcionista no registró motivo para este lead.
58879072612,,Sin motivo cargado,False,El recepcionista no registró motivo para este lead.
58879233406,,Sin motivo cargado,False,El recepcionista no registró motivo para este lead.
58879662103,,Sin motivo cargado,False,El recepcionista no registró motivo para este lead.
58884271495,,Sin motivo cargado,False,El recepcionista no registró motivo para este lead.
58884502641,,Sin motivo cargado,False,El recepcionista no registró motivo para este lead.
58885216076,,Sin motivo cargado,False,El recepcionista no registró motivo para este lead.
58885963619,,Sin motivo cargado,False,El recepcionista no registró motivo para este lead.
58897207383,,Sin motivo cargado,False,El recepcionista no registró motivo para este lead.
58898356080,,Sin motivo cargado,False,El recepcionista no registró motivo para este lead.
58898895959,,Sin motivo cargado,False,El recepcionista no registró motivo para este lead.
58909095170,,Sin motivo cargado,False,El recepcionista no registró motivo para este lead.
58926995217,,Sin motivo cargado,False,El recepcionista no registró motivo para este lead.
58936350598,,Sin motivo cargado,False,El recepcionista no registró motivo para este lead.
58937065395,,Sin motivo cargado,False,El recepcionista no registró motivo para este lead.
58937274189,,Sin motivo cargado,False,El recepcionista no registró motivo para este lead.
58945510463,,Sin motivo cargado,False,El recepcionista no registró motivo para este lead.
58955358467,,Sin motivo cargado,False,El recepcionista no registró motivo para este lead.
58958499204,,Sin motivo cargado,False,El recepcionista no registró motivo para este lead.
58960150790,,Sin motivo cargado,False,El recepcionista no registró motivo para este lead.
58961651614,,Sin motivo cargado,False,El recepcionista no registró motivo para este lead.
59006376803,,Sin motivo cargado,False,El recepcionista no registró motivo para este lead.
59035560778,,Sin motivo cargado,False,El recepcionista no registró motivo para este lead.
59035863170,,Sin motivo cargado,False,El recepcionista no registró motivo para este lead.
59049082673,,Sin motivo cargado,False,El recepcionista no registró motivo para este lead.
59079967145,,Sin motivo cargado,False,El recepcionista no registró motivo para este lead.
59083324770,,Sin motivo cargado,False,El recepcionista no registró motivo para este lead.
59088397860,,Sin motivo cargado,False,El recepcionista no registró motivo para este lead.
59089123421,,Sin motivo cargado,False,El recepcionista no registró motivo para este lead.
59091661613,,Sin motivo cargado,False,El recepcionista no registró motivo para este lead.
59094337119,,Sin motivo cargado,False,El recepcionista no registró motivo para este lead.
59098219590,,Sin motivo cargado,False,El recepcionista no registró motivo para este lead.
59104180572,,Sin motivo cargado,False,El recepcionista no registró motivo para este lead.
59104339372,Por separación,Separación / divorcio,False,"División de bienes, no van a conservar el inmueble."
59108020114,,Sin motivo cargado,False,El recepcionista no registró motivo para este lead.
59120665349,,Sin motivo cargado,False,El recepcionista no registró motivo para este lead.
59120944936,,Sin motivo cargado,False,El recepcionista no registró motivo para este lead.
59121857394,,Sin motivo cargado,False,El recepcionista no registró motivo para este lead.
59122431238,,Sin motivo cargado,False,El recepcionista no registró motivo para este lead.
59122979997,,Sin motivo cargado,False,El recepcionista no registró motivo para este lead.
59128292100,,Sin motivo cargado,False,El recepcionista no registró motivo para este lead.
59129176605,,Sin motivo cargado,False,El recepcionista no registró motivo para este lead.
59130866031,,Sin motivo cargado,False,El recepcionista no registró motivo para este lead.
59130888344,,Sin motivo cargado,False,El recepcionista no registró motivo para este lead.
59135235620,,Sin motivo cargado,False,El recepcionista no registró motivo para este lead.
59135635787,,Sin motivo cargado,False,El recepcionista no registró motivo para este lead.
59136361538,,Sin motivo cargado,False,El recepcionista no registró motivo para este lead.
59138073984,,Sin motivo cargado,False,El recepcionista no registró motivo para este lead.
59146118928,,Sin motivo cargado,False,El recepcionista no registró motivo para este lead.
59147752065,,Sin motivo cargado,False,El recepcionista no registró motivo para este lead.
59151175737,,Sin motivo cargado,False,El recepcionista no registró motivo para este lead.
59155308069,,Sin motivo cargado,False,El recepcionista no registró motivo para este lead.
59156030020,,Sin motivo cargado,False,El recepcionista no registró motivo para este lead.
59157015061,,Sin motivo cargado,False,El recepcionista no registró motivo para este lead.
59166658081,,Sin motivo cargado,False,El recepcionista no registró motivo para este lead.
59166680147,,Sin motivo cargado,False,El recepcionista no registró motivo para este lead.
59169108044,,Sin motivo cargado,False,El recepcionista no registró motivo para este lead.
59169457337,,Sin motivo cargado,False,El recepcionista no registró motivo para este lead.
59169558867,,Sin motivo cargado,False,El recepcionista no registró motivo para este lead.
59172401497,,Sin motivo cargado,False,El recepcionista no registró motivo para este lead.
59176928804,,Sin motivo cargado,False,El recepcionista no registró motivo para este lead.
59177315747,,Sin motivo cargado,False,El recepcionista no registró motivo para este lead.
59210712753,,Sin motivo cargado,False,El recepcionista no registró motivo para este lead.
59216209833,,Sin motivo cargado,False,El recepcionista no registró motivo para este lead.
59219164203,,Sin motivo cargado,False,El recepcionista no registró motivo para este lead.
59220255508,,Sin motivo cargado,False,El recepcionista no registró motivo para este lead.
59227091222,,Sin motivo cargado,False,El recepcionista no registró motivo para este lead.
59228623694,,Sin motivo cargado,False,El recepcionista no registró motivo para este lead.
59229123396,,Sin motivo cargado,False,El recepcionista no registró motivo para este lead.
59233158958,,Sin motivo cargado,False,El recepcionista no registró motivo para este lead.
59234962785,,Sin motivo cargado,False,El recepcionista no registró motivo para este lead.
59235395910,,Sin motivo cargado,False,El recepcionista no registró motivo para este lead.
59235633276,,Sin motivo cargado,False,El recepcionista no registró motivo para este lead.
59244175108,,Sin motivo cargado,False,El recepcionista no registró motivo para este lead.
59244912685,,Sin motivo cargado,False,El recepcionista no registró motivo para este lead.
59246737322,cambio de casa,Cambio de vivienda,False,El cliente busca un inmueble más grande o en otra zona.
59248507529,,Sin motivo cargado,False,El recepcionista no registró motivo para este lead.
59265828215,,Sin motivo cargado,False,El recepcionista no registró motivo para este lead.
59273323296,Está fallando acabados y estrato 4,Cambio personal o familiar,False,Problemas con el inmueble debido a acabados defectuosos.
59278859596,,Sin motivo cargado,False,El recepcionista no registró motivo para este lead.
59290686870,,Sin motivo cargado,False,El recepcionista no registró motivo para este lead.
59312535973,,Sin motivo cargado,False,El recepcionista no registró motivo para este lead.
59313791818,Cambio de casa,Cambio de vivienda,False,El cliente busca un inmueble más grande o en otra zona.
59314203029,,Sin motivo cargado,False,El recepcionista no registró motivo para este lead.
59316004770,,Sin motivo cargado,False,El recepcionista no registró motivo para este lead.
59317229989,,Sin motivo cargado,False,El recepcionista no registró motivo para este lead.
59319213951,"Compro, remodeló y vendo. Hago flipping",Quiere invertir en otro negocio,True,Busca capital para emprender en el negocio de flipping de inmuebles.
59320149263,,Sin motivo cargado,False,El recepcionista no registró motivo para este lead.
59326837843,,Sin motivo cargado,False,El recepcionista no registró motivo para este lead.
59332032528,,Sin motivo cargado,False,El recepcionista no registró motivo para este lead.
59332197948,,Sin motivo cargado,False,El recepcionista no registró motivo para este lead.
59332268960,,Sin motivo cargado,False,El recepcionista no registró motivo para este lead.
59335031458,,Sin motivo cargado,False,El recepcionista no registró motivo para este lead.
59336640144,,Sin motivo cargado,False,El recepcionista no registró motivo para este lead.
59365357097,,Sin motivo cargado,False,El recepcionista no registró motivo para este lead.
59366043992,,Sin motivo cargado,False,El recepcionista no registró motivo para este lead.
59366925922,,Sin motivo cargado,False,El recepcionista no registró motivo para este lead.
59367002768,,Sin motivo cargado,False,El recepcionista no registró motivo para este lead.
59370855816,,Sin motivo cargado,False,El recepcionista no registró motivo para este lead.
59374264501,,Sin motivo cargado,False,El recepcionista no registró motivo para este lead.
59374885426,,Sin motivo cargado,False,El recepcionista no registró motivo para este lead.
59375034035,,Sin motivo cargado,False,El recepcionista no registró motivo para este lead.
59380704124,,Sin motivo cargado,False,El recepcionista no registró motivo para este lead.
59385176865,,Sin motivo cargado,False,El recepcionista no registró motivo para este lead.
59385355069,,Sin motivo cargado,False,El recepcionista no registró motivo para este lead.
59388608929,,Sin motivo cargado,False,El recepcionista no registró motivo para este lead.
59392615255,,Sin motivo cargado,False,El recepcionista no registró motivo para este lead.
59394245014,,Sin motivo cargado,False,El recepcionista no registró motivo para este lead.
59395232315,,Sin motivo cargado,False,El recepcionista no registró motivo para este lead.
59413973943,,Sin motivo cargado,False,El recepcionista no registró motivo para este lead.
59416518276,,Sin motivo cargado,False,El recepcionista no registró motivo para este lead.
59417124251,,Sin motivo cargado,False,El recepcionista no registró motivo para este lead.
59417564038,,Sin motivo cargado,False,El recepcionista no registró motivo para este lead.
59420023916,,Sin motivo cargado,False,El recepcionista no registró motivo para este lead.
59424200107,,Sin motivo cargado,False,El recepcionista no registró motivo para este lead.
59424241416,Tengo pendiente otro negocio,Quiere invertir en otro negocio,True,Necesita capital para emprender.
59426847616,,Sin motivo cargado,False,El recepcionista no registró motivo para este lead.
59431032435,,Sin motivo cargado,False,El recepcionista no registró motivo para este lead.
59431393040,Para un negocio,Quiere invertir en otro negocio,True,Necesita capital para emprender o aprovechar una oportunidad.
59433914969,,Sin motivo cargado,False,El recepcionista no registró motivo para este lead.
59434674547,Para comprar otro inmueble,Quiere comprar otro inmueble,False,Quiere mudarse o invertir en otro inmueble — necesita liquidar
59435165341,,Sin motivo cargado,False,El recepcionista no registró motivo para este lead.
59438332161,,Sin motivo cargado,False,El recepcionista no registró motivo para este lead.
59439175071,,Sin motivo cargado,False,El recepcionista no registró motivo para este lead.
59444469026,,Sin motivo cargado,False,El recepcionista no registró motivo para este lead.
59445671571,,Sin motivo cargado,False,El recepcionista no registró motivo para este lead.
59453255976,,Sin motivo cargado,False,El recepcionista no registró motivo para este lead.
59454484770,,Sin motivo cargado,False,El recepcionista no registró motivo para este lead.
59455840558,Cambio de casa,Cambio de vivienda,False,El cliente busca un inmueble más grande o en otra zona.
59456933907,,Sin motivo cargado,False,El recepcionista no registró motivo para este lead.
59456939936,,Sin motivo cargado,False,El recepcionista no registró motivo para este lead.
59457908240,,Sin motivo cargado,False,El recepcionista no registró motivo para este lead.
59458178429,,Sin motivo cargado,False,El recepcionista no registró motivo para este lead.
59459767608,,Sin motivo cargado,False,El recepcionista no registró motivo para este lead.
59462438780,,Sin motivo cargado,False,El recepcionista no registró motivo para este lead.
59467215487,,Sin motivo cargado,False,El recepcionista no registró motivo para este lead.
59471059809,,Sin motivo cargado,False,El recepcionista no registró motivo para este lead.
59472897814,cambio de vivienda,Cambio de vivienda,False,El cliente busca un inmueble más grande o en otra zona.
59474472118,,Sin motivo cargado,False,El recepcionista no registró motivo para este lead.
59474638976,,Sin motivo cargado,False,El recepcionista no registró motivo para este lead.
59480411717,,Sin motivo cargado,False,El recepcionista no registró motivo para este lead.
59480873135,,Sin motivo cargado,False,El recepcionista no registró motivo para este lead.
59494495781,,Sin motivo cargado,False,El recepcionista no registró motivo para este lead.
59498287157,,Sin motivo cargado,False,El recepcionista no registró motivo para este lead.
59510422570,,Sin motivo cargado,False,El recepcionista no registró motivo para este lead.
59527527985,Es que la familia trabaja en bogota por distancia,Mudanza / cambio de ciudad,False,Se va a vivir a Bogotá por la distancia del trabajo.
59532881321,,Sin motivo cargado,False,El recepcionista no registró motivo para este lead.
59547719064,,Sin motivo cargado,False,El recepcionista no registró motivo para este lead.
59547883642,,Sin motivo cargado,False,El recepcionista no registró motivo para este lead.
59554229032,Cambio de apartamento,Cambio de vivienda,False,El cliente busca un apartamento más grande o en otra zona.
59554850971,,Sin motivo cargado,False,El recepcionista no registró motivo para este lead.
59559771664,,Sin motivo cargado,False,El recepcionista no registró motivo para este lead.
59562406983,Utilizar el dinero para otro proyecto,Quiere invertir en otro negocio,True,Necesita capital para emprender o invertir en otro proyecto.
59563017249,,Sin motivo cargado,False,El recepcionista no registró motivo para este lead.
59563168531,,Sin motivo cargado,False,El recepcionista no registró motivo para este lead.
59563180831,,Sin motivo cargado,False,El recepcionista no registró motivo para este lead.
59575731620,"Me interesa saber las 2 | Deseo tener efectivo primero, para posterior comprar otro inmueble",Quiere comprar otro inmueble,False,Desea liquidar para tener efectivo antes de comprar otro inmueble.
59576373834,,Sin motivo cargado,False,El recepcionista no registró motivo para este lead.
59577146205,,Sin motivo cargado,False,El recepcionista no registró motivo para este lead.
59577279842,,Sin motivo cargado,False,El recepcionista no registró motivo para este lead.
59609308958,cambio de casa,Cambio de vivienda,False,El cliente busca un inmueble más grande o en otra zona.
59626601820,,Sin motivo cargado,False,El recepcionista no registró motivo para este lead.
59634221910,Vender,Sin motivo cargado,False,El recepcionista no registró motivo de venta para este lead
59644728664,,Sin motivo cargado,False,El recepcionista no registró motivo para este lead.
59654084528,,Sin motivo cargado,False,El recepcionista no registró motivo para este lead.
59663712635,,Sin motivo cargado,False,El recepcionista no registró motivo para este lead.
59665433759,Lo quiero vender para invertir el dinero en un negocio,Quiere invertir en otro negocio,True,El cliente desea vender para obtener capital y emprender.
59666953511,,Sin motivo cargado,False,El recepcionista no registró motivo para este lead.
59669692983,,Sin motivo cargado,False,El recepcionista no registró motivo para este lead.
59672785174,,Sin motivo cargado,False,El recepcionista no registró motivo para este lead.
59672983467,,Sin motivo cargado,False,El recepcionista no registró motivo para este lead.
59673195940,,Sin motivo cargado,False,El recepcionista no registró motivo para este lead.
59674278524,Pienso ubicarme en el campo,Mudanza / cambio de ciudad,False,Se va a vivir al campo y no seguirá con el inmueble actual.
59674880597,,Sin motivo cargado,False,El recepcionista no registró motivo para este lead.
59677548034,,Sin motivo cargado,False,El recepcionista no registró motivo para este lead.
59678357433,,Sin motivo cargado,False,El recepcionista no registró motivo para este lead.
59682646882,,Sin motivo cargado,False,El recepcionista no registró motivo para este lead.
59687368761,,Sin motivo cargado,False,El recepcionista no registró motivo para este lead.
59687995991,,Sin motivo cargado,False,El recepcionista no registró motivo para este lead.
59690743361,,Sin motivo cargado,False,El recepcionista no registró motivo para este lead.
59693142311,No quiero seguir arrendando,Otro / no claro,False,El motivo no es claro y no se especifica si desea vender o conservar el inmueble.
59694761280,,Sin motivo cargado,False,El recepcionista no registró motivo para este lead.
59695758740,,Sin motivo cargado,False,El recepcionista no registró motivo para este lead.
59696364673,,Sin motivo cargado,False,El recepcionista no registró motivo para este lead.
59700759420,,Sin motivo cargado,False,El recepcionista no registró motivo para este lead.
59700992568,,Sin motivo cargado,False,El recepcionista no registró motivo para este lead.
59701060368,,Sin motivo cargado,False,El recepcionista no registró motivo para este lead.
59701997847,,Sin motivo cargado,False,El recepcionista no registró motivo para este lead.
59702222228,,Sin motivo cargado,False,El recepcionista no registró motivo para este lead.
59706573195,,Sin motivo cargado,False,El recepcionista no registró motivo para este lead.
59708461918,,Sin motivo cargado,False,El recepcionista no registró motivo para este lead.
59708719119,,Sin motivo cargado,False,El recepcionista no registró motivo para este lead.
59718587711,,Sin motivo cargado,False,El recepcionista no registró motivo para este lead.
59719706981,,Sin motivo cargado,False,El recepcionista no registró motivo para este lead.
59720086412,,Sin motivo cargado,False,El recepcionista no registró motivo para este lead.
59722123045,,Sin motivo cargado,False,El recepcionista no registró motivo para este lead.
59722407177,,Sin motivo cargado,False,El recepcionista no registró motivo para este lead.
59723401546,,Sin motivo cargado,False,El recepcionista no registró motivo para este lead.
59724716623,,Sin motivo cargado,False,El recepcionista no registró motivo para este lead.
59725869398,,Sin motivo cargado,False,El recepcionista no registró motivo para este lead.
59726088013,,Sin motivo cargado,False,El recepcionista no registró motivo para este lead.
59755458187,,Sin motivo cargado,False,El recepcionista no registró motivo para este lead.
59755544487,Compra de una casa en Ibagué tolima,Quiere comprar otro inmueble,False,Quiere mudarse o invertir en otro inmueble — necesita liquidar
59756096579,,Sin motivo cargado,False,El recepcionista no registró motivo para este lead.
59758050725,Consulta sobre compra directa | Necesito la plata,Otro / no claro,False,El cliente necesita dinero urgentemente.
59760338827,,Sin motivo cargado,False,El recepcionista no registró motivo para este lead.
59762943574,,Sin motivo cargado,False,El recepcionista no registró motivo para este lead.
59763008821,,Sin motivo cargado,False,El recepcionista no registró motivo para este lead.
59765273715,,Sin motivo cargado,False,El recepcionista no registró motivo para este lead.
59766489994,,Sin motivo cargado,False,El recepcionista no registró motivo para este lead.
59769166002,,Sin motivo cargado,False,El recepcionista no registró motivo para este lead.
59770545735,,Sin motivo cargado,False,El recepcionista no registró motivo para este lead.
59771081063,,Sin motivo cargado,False,El recepcionista no registró motivo para este lead.
59772160041,,Sin motivo cargado,False,El recepcionista no registró motivo para este lead.
59773695087,,Sin motivo cargado,False,El recepcionista no registró motivo para este lead.
59774420882,,Sin motivo cargado,False,El recepcionista no registró motivo para este lead.
59774459029,Comprar otro inmueble,Quiere comprar otro inmueble,False,Quiere mudarse o invertir en otro inmueble — necesita liquidar
59775314559,,Sin motivo cargado,False,El recepcionista no registró motivo para este lead.
59777161273,,Sin motivo cargado,False,El recepcionista no registró motivo para este lead.
59779030669,,Sin motivo cargado,False,El recepcionista no registró motivo para este lead.
59791418141,,Sin motivo cargado,False,El recepcionista no registró motivo para este lead.
59802668366,Porque quiero comprar en el sur,Quiere comprar otro inmueble,False,Quiere mudarse o invertir en otro inmueble — necesita liquidar
59803235431,,Sin motivo cargado,False,El recepcionista no registró motivo para este lead.
59804462430,,Sin motivo cargado,False,El recepcionista no registró motivo para este lead.
59808045988,,Sin motivo cargado,False,El recepcionista no registró motivo para este lead.
59808277108,,Sin motivo cargado,False,El recepcionista no registró motivo para este lead.
59825226860,,Sin motivo cargado,False,El recepcionista no registró motivo para este lead.
59828479087,,Sin motivo cargado,False,El recepcionista no registró motivo para este lead.
59834966627,,Sin motivo cargado,False,El recepcionista no registró motivo para este lead.
59835990685,,Sin motivo cargado,False,El recepcionista no registró motivo para este lead.
59836328111,,Sin motivo cargado,False,El recepcionista no registró motivo para este lead.
59836471162,,Sin motivo cargado,False,El recepcionista no registró motivo para este lead.
59838304920,,Sin motivo cargado,False,El recepcionista no registró motivo para este lead.
59839288690,,Sin motivo cargado,False,El recepcionista no registró motivo para este lead.
59840280617,,Sin motivo cargado,False,El recepcionista no registró motivo para este lead.
59841966601,,Sin motivo cargado,False,El recepcionista no registró motivo para este lead.
59843006209,,Sin motivo cargado,False,El recepcionista no registró motivo para este lead.
59843858278,,Sin motivo cargado,False,El recepcionista no registró motivo para este lead.
59844078855,,Sin motivo cargado,False,El recepcionista no registró motivo para este lead.
59845714448,,Sin motivo cargado,False,El recepcionista no registró motivo para este lead.
59845804052,,Sin motivo cargado,False,El recepcionista no registró motivo para este lead.
59848200088,,Sin motivo cargado,False,El recepcionista no registró motivo para este lead.
59849121332,,Sin motivo cargado,False,El recepcionista no registró motivo para este lead.
59850197764,,Sin motivo cargado,False,El recepcionista no registró motivo para este lead.
59850584405,,Sin motivo cargado,False,El recepcionista no registró motivo para este lead.
59854076435,,Sin motivo cargado,False,El recepcionista no registró motivo para este lead.
59854441039,,Sin motivo cargado,False,El recepcionista no registró motivo para este lead.
59861613435,,Sin motivo cargado,False,El recepcionista no registró motivo para este lead.
59861844994,,Sin motivo cargado,False,El recepcionista no registró motivo para este lead.
59863972203,,Sin motivo cargado,False,El recepcionista no registró motivo para este lead.
59864320268,,Sin motivo cargado,False,El recepcionista no registró motivo para este lead.
59880366911,,Sin motivo cargado,False,El recepcionista no registró motivo para este lead.
59886574007,,Sin motivo cargado,False,El recepcionista no registró motivo para este lead.
59888822863,,Sin motivo cargado,False,El recepcionista no registró motivo para este lead.
59897151041,,Sin motivo cargado,False,El recepcionista no registró motivo para este lead.
59936938420,,Sin motivo cargado,False,El recepcionista no registró motivo para este lead.
59937887329,,Sin motivo cargado,False,El recepcionista no registró motivo para este lead.
59940240790,,Sin motivo cargado,False,El recepcionista no registró motivo para este lead.
59941591912,,Sin motivo cargado,False,El recepcionista no registró motivo para este lead.
59943669764,,Sin motivo cargado,False,El recepcionista no registró motivo para este lead.
59947745612,,Sin motivo cargado,False,El recepcionista no registró motivo para este lead.
59948821549,Cambiarme de barrio,Cambio de vivienda,False,Quiere mudarse a otra zona dentro de la misma ciudad.
59953528683,,Sin motivo cargado,False,El recepcionista no registró motivo para este lead.
59955184148,,Sin motivo cargado,False,El recepcionista no registró motivo para este lead.
59956285243,,Sin motivo cargado,False,El recepcionista no registró motivo para este lead.
59956470670,,Sin motivo cargado,False,El recepcionista no registró motivo para este lead.
59957859682,,Sin motivo cargado,False,El recepcionista no registró motivo para este lead.
59958531912,,Sin motivo cargado,False,El recepcionista no registró motivo para este lead.
59958882855,,Sin motivo cargado,False,El recepcionista no registró motivo para este lead.
59959666031,,Sin motivo cargado,False,El recepcionista no registró motivo para este lead.
59960067468,,Sin motivo cargado,False,El recepcionista no registró motivo para este lead.
59960404016,,Sin motivo cargado,False,El recepcionista no registró motivo para este lead.
59960415797,Inversión,Quiere invertir en otro negocio,True,El cliente busca capital para emprender o aprovechar una oportunidad de inversión.
59960733109,,Sin motivo cargado,False,El recepcionista no registró motivo para este lead.
59962152774,,Sin motivo cargado,False,El recepcionista no registró motivo para este lead.
59962217888,,Sin motivo cargado,False,El recepcionista no registró motivo para este lead.
59964570023,,Sin motivo cargado,False,El recepcionista no registró motivo para este lead.
59965817639,,Sin motivo cargado,False,El recepcionista no registró motivo para este lead.
59968999224,,Sin motivo cargado,False,El recepcionista no registró motivo para este lead.
59969591616,,Sin motivo cargado,False,El recepcionista no registró motivo para este lead.
59972969745,,Sin motivo cargado,False,El recepcionista no registró motivo para este lead.
59977971975,,Sin motivo cargado,False,El recepcionista no registró motivo para este lead.
59978268277,,Sin motivo cargado,False,El recepcionista no registró motivo para este lead.
59979412592,,Sin motivo cargado,False,El recepcionista no registró motivo para este lead.
59979713931,,Sin motivo cargado,False,El recepcionista no registró motivo para este lead.
59980029337,,Sin motivo cargado,False,El recepcionista no registró motivo para este lead.
59980834978,,Sin motivo cargado,False,El recepcionista no registró motivo para este lead.
59983203389,,Sin motivo cargado,False,El recepcionista no registró motivo para este lead.
59989231373,,Sin motivo cargado,False,El recepcionista no registró motivo para este lead.
59990487919,,Sin motivo cargado,False,El recepcionista no registró motivo para este lead.
59991958872,,Sin motivo cargado,False,El recepcionista no registró motivo para este lead.
59992161636,,Sin motivo cargado,False,El recepcionista no registró motivo para este lead.
59993772879,Quiero comprar algo más grande,Cambio de vivienda,False,El cliente desea un inmueble más grande.
59993815409,,Sin motivo cargado,False,El recepcionista no registró motivo para este lead.
59994059583,,Sin motivo cargado,False,El recepcionista no registró motivo para este lead.
59994774441,,Sin motivo cargado,False,El recepcionista no registró motivo para este lead.
59996813571,,Sin motivo cargado,False,El recepcionista no registró motivo para este lead.
59997018644,,Sin motivo cargado,False,El recepcionista no registró motivo para este lead.
60006072718,,Sin motivo cargado,False,El recepcionista no registró motivo para este lead.
60010851439,,Sin motivo cargado,False,El recepcionista no registró motivo para este lead.
60011367254,,Sin motivo cargado,False,El recepcionista no registró motivo para este lead.
60012845451,,Sin motivo cargado,False,El recepcionista no registró motivo para este lead.
60013110888,,Sin motivo cargado,False,El recepcionista no registró motivo para este lead.
60013399809,,Sin motivo cargado,False,El recepcionista no registró motivo para este lead.
60013642539,,Sin motivo cargado,False,El recepcionista no registró motivo para este lead.
60013762586,,Sin motivo cargado,False,El recepcionista no registró motivo para este lead.
60022957357,,Sin motivo cargado,False,El recepcionista no registró motivo para este lead.
60032699801,,Sin motivo cargado,False,El recepcionista no registró motivo para este lead.
60037281965,,Sin motivo cargado,False,El recepcionista no registró motivo para este lead.
60038086450,Porque necesito comprar otro inmueble en un lugar cerca de mi vivienda para poder cuidar a mi papá,Quiere comprar otro inmueble,False,Necesita liquidar para comprar un inmueble cerca de su papá.
60042363261,,Sin motivo cargado,False,El recepcionista no registró motivo para este lead.
60042630235,,Sin motivo cargado,False,El recepcionista no registró motivo para este lead.
60052775850,,Sin motivo cargado,False,El recepcionista no registró motivo para este lead.
60056626988,,Sin motivo cargado,False,El recepcionista no registró motivo para este lead.
60059772083,,Sin motivo cargado,False,El recepcionista no registró motivo para este lead.
60060851998,Pasear en Asia,Viaje / vida fuera del país,False,El cliente se trasladará al exterior y no conservará el inmueble.
60072545861,,Sin motivo cargado,False,El recepcionista no registró motivo para este lead.
60074389256,,Sin motivo cargado,False,El recepcionista no registró motivo para este lead.
60076286763,Cambiar de vivienda,Cambio de vivienda,False,El cliente busca un inmueble más grande o en otra zona.
60077041797,,Sin motivo cargado,False,El recepcionista no registró motivo para este lead.
60077796760,,Sin motivo cargado,False,El recepcionista no registró motivo para este lead.
60102825608,Comprar otra vivienda,Quiere comprar otro inmueble,False,Quiere mudarse o invertir en otro inmueble — necesita liquidar
60115448703,,Sin motivo cargado,False,El recepcionista no registró motivo para este lead.
60120383776,,Sin motivo cargado,False,El recepcionista no registró motivo para este lead.
60122740033,,Sin motivo cargado,False,El recepcionista no registró motivo para este lead.
60132016399,,Sin motivo cargado,False,El recepcionista no registró motivo para este lead.
60136059517,,Sin motivo cargado,False,El recepcionista no registró motivo para este lead.
60137429324,,Sin motivo cargado,False,El recepcionista no registró motivo para este lead.
60139103052,,Sin motivo cargado,False,El recepcionista no registró motivo para este lead.
60140086558,,Sin motivo cargado,False,El recepcionista no registró motivo para este lead.
60140867729,,Sin motivo cargado,False,El recepcionista no registró motivo para este lead.
60144317527,,Sin motivo cargado,False,El recepcionista no registró motivo para este lead.
60147913038,,Sin motivo cargado,False,El recepcionista no registró motivo para este lead.
60150174525,,Sin motivo cargado,False,El recepcionista no registró motivo para este lead.
60151291477,Necesito el dinero,Necesita liquidez urgente,True,El cliente requiere fondos de manera inmediata.
60152020281,,Sin motivo cargado,False,El recepcionista no registró motivo para este lead.
60155750255,,Sin motivo cargado,False,El recepcionista no registró motivo para este lead.
60159688344,,Sin motivo cargado,False,El recepcionista no registró motivo para este lead.
60159746636,,Sin motivo cargado,False,El recepcionista no registró motivo para este lead.
60165096063,,Sin motivo cargado,False,El recepcionista no registró motivo para este lead.
60165170458,,Sin motivo cargado,False,El recepcionista no registró motivo para este lead.
60165458062,,Sin motivo cargado,False,El recepcionista no registró motivo para este lead.
60167094646,,Sin motivo cargado,False,El recepcionista no registró motivo para este lead.
60168489622,,Sin motivo cargado,False,El recepcionista no registró motivo para este lead.
60171944775,,Sin motivo cargado,False,El recepcionista no registró motivo para este lead.
60175006747,Motivos personales,Otro / no claro,False,Motivo ambiguo o sin información suficiente
60175607403,,Sin motivo cargado,False,El recepcionista no registró motivo para este lead.
60183155275,,Sin motivo cargado,False,El recepcionista no registró motivo para este lead.
60185322001,,Sin motivo cargado,False,El recepcionista no registró motivo para este lead.
60187622739,Viaje,Viaje / vida fuera del país,False,Se trasladará al exterior y no conservará el inmueble.
60189179789,,Sin motivo cargado,False,El recepcionista no registró motivo para este lead.
60190117046,,Sin motivo cargado,False,El recepcionista no registró motivo para este lead.
60191611171,,Sin motivo cargado,False,El recepcionista no registró motivo para este lead.
60191814454,,Sin motivo cargado,False,El recepcionista no registró motivo para este lead.
60192070456,,Sin motivo cargado,False,El recepcionista no registró motivo para este lead.
60192181100,,Sin motivo cargado,False,El recepcionista no registró motivo para este lead.
60194940491,,Sin motivo cargado,False,El recepcionista no registró motivo para este lead.
60195679390,,Sin motivo cargado,False,El recepcionista no registró motivo para este lead.
60196811645,Cambiar a casa,Cambio de vivienda,False,El cliente busca un inmueble más grande o en otra zona.
60196932401,,Sin motivo cargado,False,El recepcionista no registró motivo para este lead.
60199062807,,Sin motivo cargado,False,El recepcionista no registró motivo para este lead.
60199432834,,Sin motivo cargado,False,El recepcionista no registró motivo para este lead.
60200634952,,Sin motivo cargado,False,El recepcionista no registró motivo para este lead.
60201144219,,Sin motivo cargado,False,El recepcionista no registró motivo para este lead.
60201755418,,Sin motivo cargado,False,El recepcionista no registró motivo para este lead.
60207822110,,Sin motivo cargado,False,El recepcionista no registró motivo para este lead.
60208799144,,Sin motivo cargado,False,El recepcionista no registró motivo para este lead.
60217490863,,Sin motivo cargado,False,El recepcionista no registró motivo para este lead.
60218852626,,Sin motivo cargado,False,El recepcionista no registró motivo para este lead.
60222994793,,Sin motivo cargado,False,El recepcionista no registró motivo para este lead.
60232275458,,Sin motivo cargado,False,El recepcionista no registró motivo para este lead.
60232309883,,Sin motivo cargado,False,El recepcionista no registró motivo para este lead.
60237207945,,Sin motivo cargado,False,El recepcionista no registró motivo para este lead.
60237263916,,Sin motivo cargado,False,El recepcionista no registró motivo para este lead.
60238926220,,Sin motivo cargado,False,El recepcionista no registró motivo para este lead.
60239249993,,Sin motivo cargado,False,El recepcionista no registró motivo para este lead.
60239355787,,Sin motivo cargado,False,El recepcionista no registró motivo para este lead.
60239903258,,Sin motivo cargado,False,El recepcionista no registró motivo para este lead.
60239995799,,Sin motivo cargado,False,El recepcionista no registró motivo para este lead.
60240616291,,Sin motivo cargado,False,El recepcionista no registró motivo para este lead.
60241252141,,Sin motivo cargado,False,El recepcionista no registró motivo para este lead.
60241739188,,Sin motivo cargado,False,El recepcionista no registró motivo para este lead.
60241824313,,Sin motivo cargado,False,El recepcionista no registró motivo para este lead.
60242015555,,Sin motivo cargado,False,El recepcionista no registró motivo para este lead.
60249175114,,Sin motivo cargado,False,El recepcionista no registró motivo para este lead.
60249883402,,Sin motivo cargado,False,El recepcionista no registró motivo para este lead.
60251836288,,Sin motivo cargado,False,El recepcionista no registró motivo para este lead.
60252217247,,Sin motivo cargado,False,El recepcionista no registró motivo para este lead.
60253149321,,Sin motivo cargado,False,El recepcionista no registró motivo para este lead.
60253556546,,Sin motivo cargado,False,El recepcionista no registró motivo para este lead.
60253579047,,Sin motivo cargado,False,El recepcionista no registró motivo para este lead.
60254375736,,Sin motivo cargado,False,El recepcionista no registró motivo para este lead.
60254474242,,Sin motivo cargado,False,El recepcionista no registró motivo para este lead.
60255259051,,Sin motivo cargado,False,El recepcionista no registró motivo para este lead.
60255513887,,Sin motivo cargado,False,El recepcionista no registró motivo para este lead.
60257171856,Estamos en proceso de separación y queremos vender el apartamento,Separación / divorcio,False,"División de bienes, no van a conservar el inmueble"
60257238943,,Sin motivo cargado,False,El recepcionista no registró motivo para este lead.
60257988123,,Sin motivo cargado,False,El recepcionista no registró motivo para este lead.
60259573001,Solventar unas deudas,Necesita liquidez urgente,True,El cliente necesita dinero para pagar deudas.
60260551189,,Sin motivo cargado,False,El recepcionista no registró motivo para este lead.
60261536066,,Sin motivo cargado,False,El recepcionista no registró motivo para este lead.
60271355925,,Sin motivo cargado,False,El recepcionista no registró motivo para este lead.
60272639372,,Sin motivo cargado,False,El recepcionista no registró motivo para este lead.
60273004682,,Sin motivo cargado,False,El recepcionista no registró motivo para este lead.
60273352106,,Sin motivo cargado,False,El recepcionista no registró motivo para este lead.
